,,Opinion 1,Opinion 2,Opinion 3,Opinion 4,Opinion 5,Opinion 6,Opinion 7,Opinion 8,Opinion 9,Opinion 10
Cyril,Hanouna,0.165744211,0.098016057,0.227634007,0.873041233,0.602798288,0.967619611,0.702584637,0.244971174,0.651336241,0.038884014
Nabilla,Vergara,0.526897564,0.281763967,0.669651076,0.537037193,0.27112318,0.956183568,0.006423513,0.773646639,0.313845228,0.666504712
Tom,Holland,0.269747396,0.611923384,0.352930053,0.831285483,0.687547282,0.825345775,0.381149477,0.393306176,0.278831341,0.05654005
Nabil,Fekir,0.123837695,0.647684532,0.224034713,0.994135818,0.994410063,0.217032245,0.644567843,0.307593782,0.942114607,0.551107302
Lucas,Hauchard,0.482299099,0.880647423,0.383615328,0.207177085,0.620933997,0.619465117,0.874985246,0.987727553,0.606491644,0.312531904
Elizabeth,II,0.444947689,0.687843391,0.38902114,0.864928384,0.222855209,0.620467478,0.844486868,0.04268838,0.956998697,0.638062053
John ,Cena,0.052442113,0.416473982,0.558255792,0.924398656,0.533392505,0.60841412,0.301238025,0.814829794,0.166432671,0.664672548
